"Date","Booming tweet ID","Booming user ID","Booming user name","Boomed tweet ID","Boomed user ID","Boomed user name"
"2019-05-21T23:54:19.000Z","1130985201943961601","1126857204605300737","MickeyM68790066","1130955192109867008","1031727404488818690","DonaldCuck34"
"2019-05-21T22:28:35.000Z","1130963627018792960","2782359990","riverdreams_","1130434779248300032","886051670311878656","jake_neidert"
"2019-05-21T22:25:44.000Z","1130962910698725376","2782359990","riverdreams_","1127685621827260416","488998711","JoeySalads"
"2019-05-21T21:18:04.000Z","1130945880490688513","1003389398099152896","NoCoolguys1","1130902367887609858","923544452815376385","shearmettle"
"2019-05-21T19:01:36.000Z","1130911539152719872","825092717835345924","plooxen","1130545678172786690","1864127264","Trust_Danger"
"2019-05-21T18:29:02.000Z","1130903341767241731","3958901681","iiVoid","1130114812409798656","4921177383","ScottieInfidel"
"2019-05-21T17:23:49.000Z","1130886927480164357","3052443777","claudeviole","1130799993881800704","142646856","FDW_VB"
"2019-05-21T16:42:32.000Z","1130876539267100677","813003936009482241","ThiccSlaya","1130875734522761217","1097432600476610561","TTVZ6kku"
"2019-05-21T16:33:52.000Z","1130874358648459264","813003936009482241","ThiccSlaya","1130874078045167616","2223891277","IDK"
"2019-05-21T16:21:50.000Z","1130871329085894657","2782359990","riverdreams_","1130220085455609861","491719838","TPUSA"
"2019-05-21T15:58:03.000Z","1130865344833359872","1100788870814273536","dukeoftheweald","1126900116554690561","1114002438351138816","ForrestofAlba"
"2019-05-21T15:57:58.000Z","1130865324977471490","969480869319757824","NoahofNAYR","1130864357640953857","760252308273917953","Miraak1221"
"2019-05-21T15:21:39.000Z","1130856185194721280","871832990","DheerajBhatt11","1130855628367204355","156411211","billburr"
"2019-05-21T15:02:48.000Z","1130851441097170945","1074871004592291840","RockmanCapcom","1130686325689126917","1105265939954712577","jojo7says"
"2019-05-21T15:01:57.000Z","1130851227091136514","792998981055852544","itsmyatboys","1130832449305493506","928427731489931264","ninefingerjon"
"2019-05-21T13:16:17.000Z","1130824636357369856","1012396547198332928","Varbiil","1130809945245593600","138319256","Flamesman1"
"2019-05-21T13:16:09.000Z","1130824602131812352","1012396547198332928","Varbiil","1130819419075166213","19162142","RobseRob"
"2019-05-21T13:06:54.000Z","1130822272711659520","808023126919376897","rantegalitarian","1106677797395804160","186660510","RepRobertKelly"
"2019-05-21T12:59:54.000Z","1130820511519444992","1108153960966307840","ComradeGopnik1","1130645370478850048","3192955616","rooting_around"
"2019-05-21T12:49:11.000Z","1130817814619709442","803213009036410880","SpectrPhobia","1130817471756275713","847015786803855360","ayy_borubar"
"2019-05-21T12:43:59.000Z","1130816508014268416","2226503617","Ayen_de_3","1130749391508258816","50695107","CurroTroya"
"2019-05-21T10:57:52.000Z","1130789801538543618","2831653636","maaatward","1130789296892448768","1090226128785149952","tfwwashedupAlt"
"2019-05-21T10:38:31.000Z","1130784931574091776","2831653636","maaatward","1130784532762943488","1090226128785149952","tfwwashedupAlt"
"2019-05-21T10:30:35.000Z","1130782935911673857","1033515616735567872","littlestrayshen","1130745779558072320","1119064705216077824","USABrewster"
"2019-05-21T08:20:00.000Z","1130750075465031680","1056268878316224512","YeetingTheMeat","1130212706118594563","899964091","WildSpartanz"
"2019-05-21T08:03:52.000Z","1130746012799098880","3002708748","TaeminsNoona","1130745596279529472","14168196","envinyon"
"2019-05-21T07:06:02.000Z","1130731459860414464","777197115516788738","Gnarfledarf","1130693415543410688","18744815","amazingatheist"
"2019-05-21T05:13:38.000Z","1130703173222576128","2651194140","Espernyan","1130700053637619712","3686860934","CeeTwentyseven"
"2019-05-21T05:04:51.000Z","1130700963004555264","716808243121496064","astrocassie","1130342623296872448","348838046","jhill1181"
"2019-05-21T00:57:47.000Z","1130638787367841792","476327857","_TheDominik_","1130636094196846592","2467791","washingtonpost"
